PADR«O ABERTURA MINI D‡LAR;;;;;;;;;;;;;;;;;;;;;;;;;;;;TOT PARCIAL;CUSTO B3;DARF;RETIDO 1%;TOTAL
 AGOSTO / WDOU26 ;;;;;;;;;;;;;;;;;;;;;TOTAL;;;CONTRATOS;;;NUMERO DE ;-R$ 240,00 ;-R$ 19,20 ; R$ -   ; R$ -   ;-R$ 259,20 
PREG‚ES;;DIA;;GAIN/ LOSS;;START;;TIPO;;C / V;;TEMPO;GAIN;STOP;6 PTS;10 PTS;;GAIN;LOSS;;GAIN;LOSS;;GAIN;LOSS;PONTOS;CONTRATO DIµRIO;TOT PARCIAL;CUSTO B3;DARF;RETIDO 1%;TOTAL
1;;3;;GAIN;;1¶ LINHA CANAL DE BAIXA;;CANAL DE BAIXA;;COMPRA;;;;;OK;;;1;;;17;2;;68;8;6;2; R$ 2.040,00 ;-R$ 163,20 ;-R$ 408,00 ;-R$ 20,40 ; R$ 1.448,40 
;;;;;;;;;;;;;;;;;;;;;;;;;;;;;;;;
;;;;;;;;;;;;;;;;;;;;;;;;;;;;;;;;
2;;4;;GAIN;;SUPORTE ANTERIOR/PIVOT P.;;CANAL DO MEIO;;COMPRA;;;;;OK;;;2;;;;;;;;;;;;;TOTAL FINAL; R$ 1.189,20 
;;;;;;;;;;;;;;;;;;;;;;;;;;;;;;;;
;;;;;;;;;;;;;;;;;;;;;;;;;;;;;;;;
3;;5;;GAIN;;MME 200;;CANAL DO MEIO;;COMPRA;;;;;OK;;;3;;;;;;;;;;;;;;
;;;;;;;;;;;;;;;;;;;;;;;;;;;;;;;;
;;;;;;;;;;;;;;;;;;;;;;;;;;;;;;;;
4;;6;;GAIN;;MME 200;;CANAL DO MEIO;;COMPRA;;;;;OK;;;4;;;;;;;;;;;;;;
;;;;;;;;;;;;;;;;;;;;;;;;;;;;;;;;
;;;;;;;;;;;;;;;;;;;;;;;;;;;;;;;;
5;;7;;LOSS;;2¶ LINHA CANAL DE BAIXA;;CANAL DO MEIO;;COMPRA;;;;;LOSS;LOSS;;;1;;;;;;;;;;;;;
;;;;;;;;;;;;;;;;;;;;;;;;;;;;;;;;
;;;;;;;;;;;;;;;;;;;;;;;;;;;;;;;;
6;;10;;LOSS;;2¶ LINHA CANAL DE BAIXA;;CANAL DO MEIO;;COMPRA;;;;;LOSS;LOSS;;;2;;;;;;;;;;;;;
;;;;;;;;;;;;;;;;;;;;;;;;;;;;;;;;
;;;;;;;;;;;;;;;;;;;;;;;;;;;;;;;;
7;;11;;GAIN;;MME 200;;CANAL DO MEIO;;COMPRA;;;;;OK;;;5;;;;;;;;;;;;;;
;;;;;;;;;;;;;;;;;;;;;;;;;;;;;;;;
;;;;;;;;;;;;;;;;;;;;;;;;;;;;;;;;
8;;12;;GAIN;;MµXIMA DO 2ß CANDLE;;CANAL DO MEIO;;VENDA;;;;;OK;;;6;;;;;;;;;;;;;;
;;;;;;;;;;;;;;;;;;;;;;;;;;;;;;;;
;;;;;;;;;;;;;;;;;;;;;;;;;;;;;;;;
9;;13;;GAIN;;2¶ LINHA DO CANAL DE ALTA;;CANAL DO MEIO;;VENDA;;;;;OK;;;7;;;;;;;;;;;;;;
;;;;;;;;;;;;;;;;;;;;;;;;;;;;;;;;
;;;;;;;;;;;;;;;;;;;;;;;;;;;;;;;;
10;;14;;GAIN;;2¶ LINHA DO CANAL DE BAIXA;;ABAIXO DO CANAL DE BAIXA;;VENDA;;;;;OK;;;8;;;;;;;;;;;;;;
;;;;;;;;;;;;;;;;;;;;;;;;;;;;;;;;
;;;;;;;;;;;;;;;;;;;;;;;;;;;;;;;;
11;;17;;GAIN;;MME 200;;CANAL DO MEIO;;VENDA;;;;;OK;LOSS;;9;;;;;;;;;;;;;;
;;;;;;;;;;;;;;;;;;;;;;;;;;;;;;;;
;;;;;;;;;;;;;;;;;;;;;;;;;;;;;;;;
12;;18;;GAIN;;MµXIMA DO 1ß CANDLE;;CANAL DO MEIO;;VENDA;;;;;OK;;;10;;;;;;;;;;;;;;
;;;;;;;;;;;;;;;;;;;;;;;;;;;;;;;;
;;;;;;;;;;;;;;;;;;;;;;;;;;;;;;;;
13;;19;;GAIN;;PIVOT POINT;;CANAL DO MEIO;;VENDA;;;;;OK;;;11;;;;;;;;;;;;;;
;;;;;;;;;;;;;;;;;;;;;;;;;;;;;;;;
;;;;;;;;;;;;;;;;;;;;;;;;;;;;;;;;
14;;20;;GAIN;;MME 200;;CANAL DO MEIO;;COMPRA;;;;;OK;;;12;;;;;;;;;;;;;;
;;;;;;;;;;;;;;;;;;;;;;;;;;;;;;;;
;;;;;;;;;;;;;;;;;;;;;;;;;;;;;;;;
15;;21;;GAIN;;AJUSTE ANTERIOR;;ABAIXO DO CANAL DA M÷NIMA;;VENDA;;;;;OK;;;13;;;;;;;;;;;;;;
;;;;;;;;;;;;;;;;;;;;;;;;;;;;;;;;
;;;;;;;;;;;;;;;;;;;;;;;;;;;;;;;;
16;;24;;GAIN;;RESIST“NCIA ANTERIOR;;CANAL DO MEIO;;COMPRA;;;;;OK;;;14;;;;;;;;;;;;;;
;;;;;;;;;;;;;;;;;;;;;;;;;;;;;;;;
;;;;;;;;;;;;;;;;;;;;;;;;;;;;;;;;
17;;25;;GAIN;;2¶  LINHA CANAL DA M÷NIMA;;CANAL DO MEIO;;COMPRA;;;;;OK;;;15;;;;;;;;;;;;;;
;;;;;;;;;;;;;;;;;;;;;;;;;;;;;;;;
;;;;;;;;;;;;;;;;;;;;;;;;;;;;;;;;
18;;26;;GAIN;;2¶  LINHA CANAL DA M÷NIMA;;CANAL DO MEIO;;COMPRA;;;;;LOSS;OK;;16;;;;;;;;;;;;;;
;;;;;;;;;;;;;;;;;;;;;;;;;;;;;;;;
;;;;;;;;;;;;;;;;;;;;;;;;;;;;;;;;
19;;27;;GAIN;;AJUSTE;;CANAL DO MEIO;;VENDA;;;;;OK;;;17;;;;;;;;;;;;;;
;;;;;;;;;;;;;;;;;;;;;;;;;;;;;;;;
;;;;;;;;;;;;;;;;;;;;;;;;;;;;;;;;
20;;28;;;;;;;;;;;;;;;;;;;;;;;;;;;;;;
;;;;;;;;;;;;;;;;;;;;;;;;;;;;;;;;
;;;;;;;;;;;;;;;;;;;;;;;;;;;;;;;;
21;;29;;;;;;;;;;;;;;;;;;;;;;;;;;;;;;
;;;;;;;;;;;;;;;;;;;;;;;;;;;;;;;;
;;;;;;;;;;;;;;;;;;;;;;;;;;;;;;;;
;;;;;;;;;;;;;;;;;;;;;;;;;;;;;;;;
;;;;;;;;;;;;;;;;;;;;;;;;;;;;;;;;
;;;;;;;;;;;;;;;;;;;;;;;;;;;;;;;;
;;;;;;;;;;;;;;;;;;;;;;;;;;;;;;;;
;;;;;;;;;;;;;;;;;;;;;;;;;;;;;;;;
;;;;;;;;;;;;;;;;;;;;;;;;;;;;;;;;
;;;;;;;;;;;;;;;;;;;;;;;;;;;;;;;;
;;;;;;;;;;;;;;;;;;;;;;;;;;;;;;;;
;;;;;;;;;;;;;;;;;;;;;;;;;;;;;;;;
;;;;;;;;;;;;;;;;;;;;;;;;;;;;;;;;
;;;;;;;;;;;;;;;;;;;;;;;;;;;;;;;;
;;;;;;;;;;;;;;;;;;;;;;;;;;;;;;;;
